Rk,Player,Season,Age,Tm,Lg,Nat.,Pos,GP,W,L,T/O,GA,SA,SV,SV%,GAA,SO,PIM,MIN,GPS
1,Martin Brodeur,2009-10,37,NJD,NHL,CA,G,77,45,25,6,168,2004,1836,.916,2.24,9,6,4499,13.2
2,Miikka Kiprusoff,2008-09,32,CGY,NHL,FI,G,76,45,24,5,209,2155,1946,.903,2.84,4,2,4418,11.5
3,Marty Turco,2008-09,33,DAL,NHL,CA,G,74,33,31,10,203,1993,1790,.898,2.81,3,18,4327,9.6
4,Cam Ward,2010-11,26,CAR,NHL,CA,G,74,37,26,10,184,2375,2191,.923,2.56,4,0,4318,16.8
5,Jonas Hiller,2011-12,29,ANA,NHL,CH,G,73,29,30,12,182,2021,1839,.910,2.57,4,0,4253,11.4
6,Miikka Kiprusoff,2009-10,33,CGY,NHL,FI,G,73,35,28,10,163,2035,1872,.920,2.31,4,4,4235,14.3
7,Henrik Lundqvist,2009-10,27,NYR,NHL,SE,G,73,35,27,10,167,2109,1942,.921,2.38,4,0,4204,15.0
8,Pekka Rinne,2011-12,29,NSH,NHL,FI,G,73,43,18,8,166,2153,1987,.923,2.39,5,0,4169,15.5
9,Carey Price,2010-11,23,MTL,NHL,CA,G,72,38,28,6,165,2147,1982,.923,2.35,8,13,4206,15.4
10,Jonathan Quick,2009-10,24,LAK,NHL,US,G,72,39,24,7,180,1927,1747,.907,2.54,4,2,4258,10.5
11,Craig Anderson,2009-10,28,COL,NHL,US,G,71,38,25,7,186,2233,2047,.917,2.64,7,16,4235,14.8
12,Niklas Backstrom,2008-09,30,MIN,NHL,FI,G,71,37,24,8,159,2059,1900,.923,2.33,8,6,4088,15.6
13,Miikka Kiprusoff,2010-11,34,CGY,NHL,FI,G,71,37,24,6,182,1935,1753,.906,2.63,6,2,4156,10.0
14,Evgeni Nabokov,2009-10,34,SJS,NHL,SU,G,71,44,16,10,170,2168,1998,.922,2.43,3,6,4194,15.6
15,Miikka Kiprusoff,2011-12,35,CGY,NHL,FI,G,70,35,22,11,162,2040,1878,.921,2.35,4,0,4128,14.1
16,Henrik Lundqvist,2008-09,26,NYR,NHL,SE,G,70,38,25,7,168,2007,1839,.916,2.43,3,0,4153,13.7
17,Ilya Bryzgalov,2009-10,29,PHX,NHL,SU,G,69,42,20,6,156,1961,1805,.920,2.29,8,4,4084,13.9
18,Kari Lehtonen,2010-11,27,DAL,NHL,FI,G,69,34,24,11,175,2043,1868,.914,2.55,3,6,4119,12.5
19,Ryan Miller,2009-10,29,BUF,NHL,US,G,69,41,18,8,150,2098,1948,.929,2.22,5,4,4047,16.8
20,Jonathan Quick,2011-12,26,LAK,NHL,US,G,69,35,21,13,133,1863,1730,.929,1.95,10,6,4099,14.7
21,Ilya Bryzgalov,2010-11,30,PHX,NHL,SU,G,68,36,20,10,168,2125,1957,.921,2.48,7,2,4060,14.7
22,Henrik Lundqvist,2010-11,28,NYR,NHL,SE,G,68,36,27,5,152,1965,1813,.923,2.28,11,6,4007,14.0
23,Roberto Luongo,2009-10,30,VAN,NHL,CA,G,68,40,22,4,167,1915,1748,.913,2.57,4,0,3899,11.8
24,Antti Niemi,2011-12,28,SJS,NHL,FI,G,68,34,22,9,159,1865,1706,.915,2.42,6,2,3936,11.6
25,Ondrej Pavelec,2011-12,24,WPG,NHL,CS,G,68,29,28,9,191,2036,1845,.906,2.91,4,0,3932,10.6
26,Cam Ward,2008-09,24,CAR,NHL,CA,G,68,39,23,5,160,1901,1741,.916,2.44,6,4,3928,12.9
27,Cam Ward,2011-12,27,CAR,NHL,CA,G,68,30,23,13,182,2143,1961,.915,2.74,5,4,3988,13.4
28,Marc-Andre Fleury,2009-10,25,PIT,NHL,CA,G,67,37,21,6,168,1772,1604,.905,2.65,1,10,3798,9.4
29,Marc-Andre Fleury,2011-12,27,PIT,NHL,CA,G,67,42,17,4,153,1768,1615,.913,2.36,3,4,3896,10.7
30,Mike Smith,2011-12,29,PHX,NHL,CA,G,67,38,18,10,144,2066,1922,.930,2.21,8,16,3903,16.7
31,Ryan Miller,2010-11,30,BUF,NHL,US,G,66,34,22,8,165,1964,1799,.916,2.59,5,6,3829,12.4
32,Ilya Bryzgalov,2008-09,28,PHX,NHL,SU,G,65,26,31,6,187,1994,1807,.906,2.98,3,4,3760,11.4
33,Marc-Andre Fleury,2010-11,26,PIT,NHL,CA,G,65,36,20,5,143,1742,1599,.918,2.32,3,10,3695,11.4
34,Kari Lehtonen,2013-14,30,DAL,NHL,FI,G,65,33,20,10,153,1888,1735,.919,2.41,5,4,3804,12.6
35,Carey Price,2011-12,24,MTL,NHL,CA,G,65,26,28,11,160,1914,1754,.916,2.43,4,6,3944,12.3
36,Marc-Andre Fleury,2013-14,29,PIT,NHL,CA,G,64,39,18,5,150,1774,1624,.915,2.37,5,4,3792,11.1
37,Antti Niemi,2013-14,30,SJS,NHL,FI,G,64,39,17,7,149,1705,1556,.913,2.39,4,0,3740,10.1
38,Pekka Rinne,2010-11,28,NSH,NHL,FI,G,64,33,22,9,134,1905,1771,.930,2.12,6,12,3789,15.1
39,Craig Anderson,2011-12,30,OTT,NHL,US,G,63,33,22,6,165,1917,1752,.914,2.84,3,4,3492,11.7
40,Ben Bishop,2013-14,27,TBL,NHL,US,G,63,37,14,7,133,1758,1625,.924,2.23,5,4,3586,12.9
41,Jimmy Howard,2010-11,26,DET,NHL,US,G,63,37,17,5,168,1830,1662,.908,2.79,2,4,3615,9.9
42,Jimmy Howard,2009-10,25,DET,NHL,US,G,63,37,15,10,141,1849,1708,.924,2.26,3,2,3740,13.8
43,Henrik Lundqvist,2013-14,31,NYR,NHL,SE,G,63,33,24,5,144,1810,1666,.920,2.36,5,0,3655,12.4
44,Dwayne Roloson,2008-09,39,EDM,NHL,CA,G,63,28,24,9,166,1953,1787,.915,2.77,1,10,3597,13.1
45,Semyon Varlamov,2013-14,25,COL,NHL,SU,G,63,41,14,6,146,2013,1867,.927,2.41,2,2,3640,15.5
46,Tomas Vokoun,2009-10,33,FLA,NHL,CS,G,63,23,28,11,157,2081,1924,.925,2.55,7,0,3695,15.7
47,Marc-Andre Fleury,2008-09,24,PIT,NHL,CA,G,62,35,18,7,162,1850,1688,.912,2.67,4,8,3641,11.9
48,Henrik Lundqvist,2011-12,29,NYR,NHL,SE,G,62,39,18,5,123,1753,1630,.930,1.97,8,4,3754,14.1
49,Evgeni Nabokov,2008-09,33,SJS,NHL,SU,G,62,41,12,8,150,1663,1513,.910,2.44,7,12,3686,10.2
50,Mike Smith,2013-14,31,PHX,NHL,CA,G,62,27,21,10,159,1871,1712,.915,2.64,3,14,3610,11.6
51,Chris Mason,2009-10,33,STL,NHL,CA,G,61,30,22,8,148,1699,1551,.913,2.53,2,0,3512,10.5
52,Steve Mason,2013-14,25,PHI,NHL,CA,G,61,33,18,7,145,1751,1606,.917,2.50,4,10,3486,11.3
53,Steve Mason,2008-09,20,CBJ,NHL,CA,G,61,33,20,7,140,1658,1518,.916,2.29,10,2,3664,11.2
54,Ryan Miller,2011-12,31,BUF,NHL,US,G,61,31,21,7,150,1788,1638,.916,2.55,6,0,3536,11.4
55,Jonathan Quick,2010-11,25,LAK,NHL,US,G,61,35,22,3,134,1631,1497,.918,2.24,6,0,3591,10.7
56,Niklas Backstrom,2009-10,31,MIN,NHL,FI,G,60,26,23,8,158,1632,1474,.903,2.72,2,4,3489,8.3
57,Roberto Luongo,2010-11,31,VAN,NHL,CA,G,60,38,15,7,126,1753,1627,.928,2.11,4,2,3590,13.6
58,Antti Niemi,2010-11,27,SJS,NHL,FI,G,60,35,18,6,140,1741,1601,.920,2.38,6,2,3524,11.7
59,Martin Brodeur,2011-12,39,NJD,NHL,CA,G,59,31,21,4,136,1472,1336,.908,2.41,3,2,3392,7.9
60,Ilya Bryzgalov,2011-12,31,PHI,NHL,SU,G,59,33,16,7,141,1554,1413,.909,2.48,6,4,3415,8.6
61,Corey Crawford,2013-14,29,CHI,NHL,CA,G,59,32,16,10,128,1533,1405,.917,2.26,2,0,3395,9.8
62,Jonas Hiller,2009-10,27,ANA,NHL,CH,G,59,30,23,4,152,1860,1708,.918,2.73,2,0,3338,12.7
63,Kari Lehtonen,2011-12,28,DAL,NHL,FI,G,59,32,22,4,136,1739,1603,.922,2.33,4,0,3497,12.3
64,Ryan Miller,2008-09,28,BUF,NHL,US,G,59,34,18,6,145,1773,1628,.918,2.53,5,4,3443,12.5
65,Ryan Miller,2013-14,33,TOT,NHL,US,G,59,25,30,4,154,1885,1731,.918,2.64,1,0,3501,12.4
66,Carey Price,2013-14,26,MTL,NHL,CA,G,59,34,20,5,134,1828,1694,.927,2.32,6,4,3464,13.9
67,Tim Thomas,2011-12,37,BOS,NHL,US,G,59,35,19,1,132,1659,1527,.920,2.36,5,0,3352,11.5
68,Tomas Vokoun,2008-09,32,FLA,NHL,CS,G,59,26,23,6,138,1855,1717,.926,2.49,6,2,3324,14.6
69,Sergei Bobrovsky,2013-14,25,CBJ,NHL,SU,G,58,32,20,5,131,1699,1568,.923,2.38,5,2,3299,12.1
70,Steve Mason,2009-10,21,CBJ,NHL,CA,G,58,20,26,9,163,1653,1490,.901,3.06,5,2,3201,8.0
71,Ondrej Pavelec,2010-11,23,ATL,NHL,CS,G,58,21,23,9,147,1705,1558,.914,2.73,4,4,3225,10.3
72,Tuukka Rask,2013-14,26,BOS,NHL,FI,G,58,36,15,6,115,1641,1526,.930,2.04,7,2,3386,13.1
73,Pekka Rinne,2009-10,27,NSH,NHL,FI,G,58,32,16,5,137,1541,1404,.911,2.53,7,2,3246,9.2
74,Corey Crawford,2010-11,26,CHI,NHL,CA,G,57,33,18,6,128,1545,1417,.917,2.30,4,2,3337,10.0
75,Corey Crawford,2011-12,27,CHI,NHL,CA,G,57,30,17,7,146,1507,1361,.903,2.72,0,0,3218,7.3
76,Jaroslav Halak,2010-11,25,STL,NHL,CS,G,57,27,21,7,136,1518,1382,.910,2.48,7,6,3294,8.6
77,Jimmy Howard,2011-12,27,DET,NHL,US,G,57,35,17,4,119,1496,1377,.920,2.12,6,6,3360,10.3
78,Chris Mason,2008-09,32,STL,NHL,CA,G,57,27,21,7,129,1544,1415,.916,2.41,6,0,3215,10.6
79,Ondrej Pavelec,2013-14,26,WPG,NHL,CS,G,57,22,26,7,163,1644,1481,.901,3.01,1,0,3248,7.4
80,Jose Theodore,2008-09,32,WSH,NHL,CA,G,57,32,17,5,157,1572,1415,.900,2.87,2,6,3287,7.9
81,Tim Thomas,2010-11,36,BOS,NHL,US,G,57,35,11,9,112,1811,1699,.938,2.00,9,13,3364,16.2
82,Tomas Vokoun,2010-11,34,FLA,NHL,CS,G,57,22,28,5,137,1753,1616,.922,2.55,6,2,3224,12.3
83,Martin Brodeur,2010-11,38,NJD,NHL,CA,G,56,23,26,3,127,1313,1186,.903,2.45,6,2,3116,6.3
84,Peter Budaj,2008-09,26,COL,NHL,CS,G,56,20,29,5,154,1531,1377,.899,2.86,2,0,3232,7.6
85,Roberto Luongo,2013-14,34,TOT,NHL,CA,G,56,25,23,7,129,1589,1460,.919,2.40,4,2,3222,10.6
86,Jonathan Bernier,2013-14,25,TOR,NHL,CA,G,55,26,19,7,139,1788,1649,.922,2.70,1,4,3084,12.6
87,Martin Biron,2008-09,31,PHI,NHL,CA,G,55,29,19,5,146,1718,1572,.915,2.76,2,0,3177,11.5
88,Brian Elliott,2009-10,24,OTT,NHL,CA,G,55,29,18,4,130,1424,1294,.909,2.57,5,0,3038,8.1
89,Brian Elliott,2010-11,25,TOT,NHL,CA,G,55,15,27,9,166,1551,1385,.893,3.34,3,0,2983,5.6
90,Roberto Luongo,2011-12,32,VAN,NHL,CA,G,55,31,14,8,127,1577,1450,.919,2.41,5,4,3162,10.7
91,Sergei Bobrovsky,2010-11,22,PHI,NHL,SU,G,54,28,13,8,130,1527,1397,.915,2.59,0,2,3017,9.4
92,Roberto Luongo,2008-09,29,VAN,NHL,CA,G,54,33,13,7,124,1542,1418,.920,2.34,9,4,3181,11.1
93,Steve Mason,2010-11,22,CBJ,NHL,CA,G,54,24,21,7,153,1541,1388,.901,3.03,3,2,3027,7.0
94,Dwayne Roloson,2010-11,41,TOT,NHL,CA,G,54,24,25,5,138,1596,1458,.914,2.59,4,8,3199,9.6
95,Tim Thomas,2008-09,34,BOS,NHL,US,G,54,36,11,7,114,1694,1580,.933,2.10,5,6,3259,14.7
96,Craig Anderson,2013-14,32,OTT,NHL,US,G,53,25,16,8,150,1680,1530,.911,3.00,4,2,3000,9.5
97,Jose Theodore,2011-12,35,FLA,NHL,CA,G,53,22,16,11,125,1502,1377,.917,2.46,3,2,3049,9.7
98,Vesa Toskala,2008-09,31,TOR,NHL,FI,G,53,22,17,11,166,1518,1352,.891,3.26,1,2,3056,6.0
99,Marty Turco,2009-10,34,DAL,NHL,CA,G,53,22,20,11,140,1605,1465,.913,2.72,4,10,3088,9.9
100,Semyon Varlamov,2011-12,23,COL,NHL,SU,G,53,26,24,3,136,1564,1428,.913,2.59,4,2,3151,9.4
101,Jaroslav Halak,2013-14,28,TOT,NHL,CS,G,52,29,13,7,110,1385,1275,.921,2.25,5,0,2939,9.5
102,Carey Price,2008-09,21,MTL,NHL,CA,G,52,23,16,10,143,1513,1370,.905,2.83,1,4,3036,8.5
103,Pekka Rinne,2008-09,26,NSH,NHL,FI,G,52,29,15,4,119,1435,1316,.917,2.38,7,6,2999,9.9
104,Craig Anderson,2010-11,29,TOT,NHL,US,G,51,24,20,4,135,1546,1411,.913,2.83,2,4,2865,9.2
105,Niklas Backstrom,2010-11,32,MIN,NHL,FI,G,51,22,23,5,132,1566,1434,.916,2.66,3,2,2978,9.8
106,Jimmy Howard,2013-14,29,DET,NHL,US,G,51,21,19,11,133,1482,1349,.910,2.66,2,6,3004,8.3
107,Jonas Hiller,2013-14,31,ANA,NHL,CH,G,50,29,13,7,120,1348,1228,.911,2.48,5,0,2909,7.7
108,Dwayne Roloson,2009-10,40,NYI,NHL,CA,G,50,23,18,7,145,1555,1410,.907,3.00,1,14,2897,8.5
109,Jonas Hiller,2010-11,28,ANA,NHL,CH,G,49,26,16,3,114,1493,1379,.924,2.56,5,0,2672,10.8
110,Joey MacDonald,2008-09,28,NYI,NHL,CA,G,49,14,26,6,157,1584,1427,.901,3.37,1,6,2792,8.1
111,Antero Niittymaki,2009-10,29,TBL,NHL,FI,G,49,21,18,5,127,1388,1261,.909,2.87,1,0,2657,7.9
112,Jonathan Quick,2013-14,28,LAK,NHL,US,G,49,27,17,4,100,1183,1083,.915,2.07,6,2,2904,7.4
113,Jeff Deslauriers,2009-10,25,EDM,NHL,CA,G,48,16,28,4,152,1529,1377,.901,3.26,3,8,2798,7.3
114,Mathieu Garon,2011-12,34,TBL,NHL,CA,G,48,23,16,4,118,1191,1073,.901,2.85,1,0,2484,5.4
115,Braden Holtby,2013-14,24,WSH,NHL,CA,G,48,23,15,4,126,1475,1349,.915,2.85,4,7,2656,9.1
116,Cristobal Huet,2009-10,34,CHI,NHL,FR,G,48,26,14,4,114,1083,969,.895,2.50,4,4,2731,4.4
117,Michal Neuvirth,2010-11,22,WSH,NHL,CS,G,48,27,12,4,110,1283,1173,.914,2.45,4,0,2689,7.8
118,Tim Thomas,2013-14,39,TOT,NHL,US,G,48,18,24,4,128,1390,1262,.908,2.88,0,4,2663,7.4
119,Tomas Vokoun,2011-12,35,WSH,NHL,CS,G,48,25,17,2,108,1299,1191,.917,2.51,4,4,2583,8.4
120,Devan Dubnyk,2011-12,25,EDM,NHL,CA,G,47,20,20,3,118,1380,1262,.914,2.67,2,0,2653,8.5
121,Johan Hedberg,2009-10,36,ATL,NHL,SE,G,47,21,16,6,115,1355,1240,.915,2.62,3,6,2632,8.7
122,Nikolai Khabibulin,2010-11,38,EDM,NHL,SU,G,47,10,32,4,153,1389,1236,.890,3.40,2,12,2701,4.5
123,Jose Theodore,2009-10,33,WSH,NHL,CA,G,47,30,7,7,121,1352,1231,.911,2.81,1,0,2586,8.0
124,Cam Ward,2009-10,25,CAR,NHL,CA,G,47,18,23,5,119,1409,1290,.916,2.69,0,0,2651,9.2
125,Niklas Backstrom,2011-12,33,MIN,NHL,FI,G,46,19,18,7,105,1299,1194,.919,2.43,4,2,2590,8.8
126,Jean-Sebastien Giguere,2008-09,31,ANA,NHL,CA,G,46,19,18,6,127,1274,1147,.900,3.10,2,4,2458,6.4
127,Jaroslav Halak,2011-12,26,STL,NHL,CS,G,46,26,12,7,90,1211,1121,.926,1.97,6,0,2747,9.1
128,Jonas Hiller,2008-09,26,ANA,NHL,CH,G,46,23,15,1,99,1217,1118,.919,2.39,4,0,2486,8.6
129,Kari Lehtonen,2008-09,25,ATL,NHL,FI,G,46,19,22,3,134,1498,1364,.911,3.06,3,6,2624,9.3
130,Steve Mason,2011-12,23,CBJ,NHL,CA,G,46,16,26,3,143,1355,1212,.894,3.39,1,2,2534,5.1
131,Chris Osgood,2008-09,36,DET,NHL,CA,G,46,26,9,8,137,1208,1071,.887,3.09,2,8,2663,4.3
132,Peter Budaj,2010-11,28,COL,NHL,CS,G,45,15,21,4,130,1234,1104,.895,3.20,1,6,2439,4.7
133,Jaroslav Halak,2009-10,24,MTL,NHL,CS,G,45,26,13,5,105,1386,1281,.924,2.40,5,0,2630,10.4
134,Tuukka Rask,2009-10,22,BOS,NHL,FI,G,45,22,12,5,84,1221,1137,.931,1.97,5,2,2562,10.2
135,Cory Schneider,2013-14,27,NJD,NHL,US,G,45,16,15,12,88,1107,1019,.921,1.97,3,4,2680,7.6
136,Dan Ellis,2010-11,30,TOT,NHL,CA,G,44,21,10,7,111,1089,978,.898,2.77,2,0,2408,4.6
137,Ondrej Pavelec,2012-13,25,WPG,NHL,CS,G,44,21,20,3,119,1251,1132,.905,2.80,0,2,2553,6.6
138,Jonathan Quick,2008-09,23,LAK,NHL,US,G,44,21,18,2,103,1200,1097,.914,2.48,4,0,2495,7.9
139,Alex Auld,2008-09,28,OTT,NHL,CA,G,43,16,18,7,101,1141,1040,.911,2.47,1,2,2449,7.2
140,Henrik Lundqvist,2012-13,30,NYR,NHL,SE,G,43,24,16,3,88,1190,1102,.926,2.05,2,0,2575,9.3
141,Antti Niemi,2012-13,29,SJS,NHL,FI,G,43,24,12,6,93,1220,1127,.924,2.16,4,2,2581,9.2
142,Pekka Rinne,2012-13,30,NSH,NHL,FI,G,43,15,16,8,99,1101,1002,.910,2.43,5,8,2444,6.5
143,Tim Thomas,2009-10,35,BOS,NHL,US,G,43,17,18,8,104,1221,1117,.915,2.56,5,8,2442,7.8
144,Niklas Backstrom,2012-13,34,MIN,NHL,FI,G,42,24,15,3,98,1072,974,.909,2.48,2,2,2368,6.2
145,Jonas Gustavsson,2009-10,25,TOR,NHL,SE,G,42,16,15,9,112,1146,1034,.902,2.87,1,2,2340,5.7
146,Jonas Gustavsson,2011-12,27,TOR,NHL,SE,G,42,17,17,4,112,1147,1035,.902,2.92,4,4,2301,5.4
147,Jimmy Howard,2012-13,28,DET,NHL,US,G,42,21,13,7,87,1129,1042,.923,2.13,5,0,2446,8.4
148,Nikolai Khabibulin,2008-09,36,CHI,NHL,SU,G,42,25,8,7,96,1192,1096,.919,2.33,3,8,2467,8.6
149,Evgeni Nabokov,2011-12,36,NYI,NHL,SU,G,42,19,18,3,101,1172,1071,.914,2.55,2,6,2378,7.2
150,Ondrej Pavelec,2009-10,22,ATL,NHL,CS,G,42,14,18,7,127,1353,1226,.906,3.29,2,0,2317,7.3
151,Mike Smith,2009-10,27,TBL,NHL,CA,G,42,13,18,7,117,1165,1048,.900,3.09,2,14,2273,5.4
152,Cristobal Huet,2008-09,33,CHI,NHL,FR,G,41,20,15,4,99,1087,988,.909,2.53,3,2,2351,6.5
153,Eddie Lack,2013-14,26,VAN,NHL,,G,41,16,17,5,93,1052,959,.912,2.41,4,0,2319,6.1
154,Evgeni Nabokov,2012-13,37,NYI,NHL,SU,G,41,23,11,7,103,1139,1036,.910,2.50,3,6,2475,6.7
155,Carey Price,2009-10,22,MTL,NHL,CA,G,41,13,20,5,109,1244,1135,.912,2.77,0,8,2358,7.6
156,Mike Smith,2008-09,26,TBL,NHL,CA,G,41,14,18,9,108,1282,1174,.916,2.62,2,23,2471,8.7
157,Ilya Bryzgalov,2012-13,32,PHI,NHL,SU,G,40,19,17,3,107,1066,959,.900,2.79,1,0,2298,5.0
158,Scott Clemmensen,2008-09,31,NJD,NHL,US,G,40,25,13,1,94,1138,1044,.917,2.39,2,2,2356,7.9
159,Ty Conklin,2008-09,32,DET,NHL,US,G,40,25,11,2,94,1033,939,.909,2.51,6,4,2246,6.2
160,Carter Hutton,2013-14,28,NSH,NHL,CA,G,40,20,11,4,91,1006,915,.910,2.62,1,2,2085,5.6
161,Nikolai Khabibulin,2011-12,39,EDM,NHL,SU,G,40,12,20,7,100,1114,1014,.910,2.65,2,0,2261,6.3
162,Ryan Miller,2012-13,32,BUF,NHL,US,G,40,17,17,5,108,1270,1162,.915,2.81,0,2,2302,8.3
163,Evgeni Nabokov,2013-14,38,NYI,NHL,SU,G,40,15,14,8,103,1085,982,.905,2.74,4,4,2254,5.4
164,Karri Ramo,2013-14,27,CGY,NHL,FI,G,40,16,15,4,97,1091,994,.911,2.65,2,10,2194,6.2
165,Dwayne Roloson,2011-12,42,TBL,NHL,CA,G,40,13,16,3,128,1126,998,.886,3.66,1,6,2099,3.2
166,Ben Scrivens,2013-14,27,TOT,NHL,CA,G,40,16,16,4,94,1205,1111,.922,2.55,4,6,2210,8.5
167,Martin Brodeur,2013-14,41,NJD,NHL,CA,G,39,19,14,6,96,971,875,.901,2.51,3,2,2297,4.4
168,Antti Niemi,2009-10,26,CHI,NHL,FI,G,39,26,7,4,82,936,854,.912,2.25,7,0,2190,5.7
169,Carey Price,2012-13,25,MTL,NHL,CA,G,39,21,13,4,97,1018,921,.905,2.59,3,0,2249,5.4
170,Sergei Bobrovsky,2012-13,24,CBJ,NHL,SU,G,38,21,11,6,74,1084,1010,.932,2.00,4,0,2219,9.2
171,Devan Dubnyk,2012-13,26,EDM,NHL,CA,G,38,14,16,6,90,1132,1042,.920,2.57,2,0,2101,8.1
172,Brian Elliott,2011-12,26,STL,NHL,CA,G,38,23,10,4,58,972,914,.940,1.56,9,0,2235,9.0
173,Michal Neuvirth,2011-12,23,WSH,NHL,CS,G,38,13,13,5,95,976,881,.903,2.82,3,2,2020,4.7
174,Jonathan Quick,2012-13,27,LAK,NHL,US,G,37,18,13,4,87,889,802,.902,2.45,1,2,2134,4.4
175,James Reimer,2010-11,22,TOR,NHL,CA,G,37,20,10,5,90,1134,1044,.921,2.60,3,2,2080,7.8
176,Mathieu Garon,2010-11,33,CBJ,NHL,CA,G,36,10,14,6,88,887,799,.901,2.72,3,2,1938,4.0
177,Braden Holtby,2012-13,23,WSH,NHL,CA,G,36,23,12,1,90,1123,1033,.920,2.58,4,2,2089,8.0
178,Anton Khudobin,2013-14,27,CAR,NHL,SU,G,36,19,14,1,80,1076,996,.926,2.30,1,0,2084,8.0
179,Robin Lehner,2013-14,22,OTT,NHL,SE,G,36,12,15,6,99,1141,1042,.913,3.06,1,4,1942,6.8
180,Kari Lehtonen,2012-13,29,DAL,NHL,FI,G,36,15,14,3,88,1050,962,.916,2.66,1,0,1986,7.0
181,Tuukka Rask,2012-13,25,BOS,NHL,FI,G,36,19,10,5,70,980,910,.929,2.00,5,0,2104,8.0
182,James Reimer,2013-14,25,TOR,NHL,CA,G,36,12,16,1,97,1094,997,.911,3.26,1,2,1785,6.3
183,Curtis Sanford,2011-12,32,CBJ,NHL,CA,G,36,10,18,4,86,971,885,.911,2.60,1,0,1983,5.7
184,Devan Dubnyk,2010-11,24,EDM,NHL,CA,G,35,12,13,8,93,1103,1010,.916,2.71,2,2,2061,6.9
185,Dan Ellis,2008-09,28,NSH,NHL,CA,G,35,11,19,4,96,963,867,.900,2.93,3,2,1965,4.9
186,Mathieu Garon,2009-10,32,CBJ,NHL,CA,G,35,12,9,6,83,858,775,.903,2.81,2,2,1771,4.4
187,Jean-Sebastien Giguere,2009-10,32,TOT,NHL,CA,G,35,10,15,7,96,1031,935,.907,2.85,3,2,2023,5.7
188,Semyon Varlamov,2012-13,24,COL,NHL,SU,G,35,11,21,3,98,1007,909,.903,3.02,3,0,1950,5.1
189,Brian Boucher,2010-11,34,PHI,NHL,US,G,34,18,10,4,76,902,826,.916,2.42,0,0,1885,5.7
190,Devan Dubnyk,2013-14,27,TOT,NHL,CA,G,34,11,18,3,103,945,842,.891,3.43,2,6,1802,3.1
191,Ray Emery,2011-12,29,CHI,NHL,CA,G,34,15,9,4,83,834,751,.900,2.81,0,2,1774,3.8
192,Jaroslav Halak,2008-09,23,MTL,NHL,CS,G,34,18,14,1,92,1077,985,.915,2.86,1,0,1931,7.2
193,Josh Harding,2011-12,27,MIN,NHL,CA,G,34,13,12,4,81,981,900,.917,2.62,2,0,1855,6.4
194,Johan Hedberg,2010-11,37,NJD,NHL,SE,G,34,15,12,2,68,777,709,.912,2.38,3,4,1717,4.6
195,Pascal Leclaire,2009-10,27,OTT,NHL,CA,G,34,12,14,2,93,822,729,.887,3.20,0,2,1745,2.6
196,Michael Leighton,2009-10,28,TOT,NHL,CA,G,34,17,9,2,85,899,814,.905,2.83,1,0,1799,4.8
197,James Reimer,2011-12,23,TOR,NHL,CA,G,34,14,14,4,97,974,877,.900,3.10,3,0,1879,4.4
198,Mike Smith,2012-13,30,PHX,NHL,CA,G,34,15,12,5,84,938,854,.910,2.58,5,0,1956,5.6
199,Brian Boucher,2009-10,33,PHI,NHL,US,G,33,9,18,3,80,796,716,.899,2.76,1,2,1742,3.7
200,Marc-Andre Fleury,2012-13,28,PIT,NHL,CA,G,33,23,8,0,74,881,807,.916,2.39,1,2,1858,5.9
201,Jean-Sebastien Giguere,2010-11,33,TOR,NHL,CA,G,33,11,11,4,78,777,699,.900,2.87,0,4,1633,3.4
202,Johan Hedberg,2008-09,35,ATL,NHL,SE,G,33,13,12,3,100,875,775,.886,3.49,0,2,1717,3.0
203,Chris Mason,2010-11,34,ATL,NHL,CA,G,33,13,13,3,95,882,787,.892,3.39,1,4,1682,3.1
204,James Reimer,2012-13,24,TOR,NHL,CA,G,33,19,8,5,76,995,919,.924,2.46,4,0,1856,7.5
205,Cory Schneider,2011-12,25,VAN,NHL,US,G,33,20,8,1,60,945,885,.937,1.96,3,0,1833,8.4
206,Ilya Bryzgalov,2013-14,33,TOT,NHL,SU,G,32,12,9,8,81,891,810,.909,2.68,4,0,1814,4.9
207,Jean-Sebastien Giguere,2011-12,34,COL,NHL,CA,G,32,15,11,3,69,850,781,.919,2.27,2,2,1820,5.7
208,Antero Niittymaki,2008-09,28,PHI,NHL,FI,G,32,15,8,6,83,947,864,.912,2.76,1,2,1805,6.1
209,Jose Theodore,2010-11,34,MIN,NHL,CA,G,32,15,11,3,81,963,882,.916,2.71,1,2,1793,6.1
210,Vesa Toskala,2009-10,32,TOT,NHL,FI,G,32,9,12,3,93,773,680,.880,3.48,1,4,1605,1.8
211,Craig Anderson,2008-09,27,FLA,NHL,US,G,31,15,7,5,74,977,903,.924,2.71,3,2,1636,7.6
212,Reto Berra,2013-14,27,TOT,NHL,,G,31,9,18,3,88,820,732,.893,3.07,0,2,1720,2.9
213,Martin Brodeur,2008-09,36,NJD,NHL,CA,G,31,19,9,3,73,870,797,.916,2.41,5,4,1814,5.9
214,Scott Clemmensen,2010-11,33,FLA,NHL,US,G,31,8,11,7,74,833,759,.911,2.62,1,2,1696,4.8
215,Yann Danis,2008-09,27,NYI,NHL,CA,G,31,10,17,3,84,933,849,.910,2.86,2,0,1760,5.7
216,Brian Elliott,2013-14,28,STL,NHL,CA,G,31,18,6,2,53,681,628,.922,1.96,4,0,1624,4.8
217,Brian Elliott,2008-09,23,OTT,NHL,CA,G,31,16,8,3,77,786,709,.902,2.77,1,0,1667,4.1
218,Dan Ellis,2009-10,29,NSH,NHL,CA,G,31,15,13,1,77,848,771,.909,2.69,1,4,1715,4.9
219,Al Montoya,2011-12,26,NYI,NHL,US,G,31,9,11,5,89,832,743,.893,3.10,0,2,1720,3.0
220,Andrew Raycroft,2008-09,28,COL,NHL,CA,G,31,12,16,0,90,836,746,.892,3.14,0,2,1722,3.5
221,Scott Clemmensen,2011-12,34,FLA,NHL,US,G,30,14,6,6,67,773,706,.913,2.57,1,0,1566,4.7
222,Corey Crawford,2012-13,28,CHI,NHL,CA,G,30,19,5,5,57,769,712,.926,1.94,3,4,1761,6.0
223,Cory Schneider,2012-13,26,VAN,NHL,US,G,30,17,9,4,61,835,774,.927,2.11,5,0,1733,6.6
224,Cam Ward,2013-14,29,CAR,NHL,CA,G,30,10,12,6,84,824,740,.898,3.06,0,2,1645,3.4
225,Martin Biron,2009-10,32,NYI,NHL,CA,G,29,9,14,4,89,859,770,.896,3.27,1,2,1634,3.7
226,Sergei Bobrovsky,2011-12,23,PHI,NHL,SU,G,29,14,10,2,78,769,691,.899,3.02,0,0,1550,3.3
227,Martin Brodeur,2012-13,40,NJD,NHL,CA,G,29,13,9,7,65,654,589,.901,2.22,2,0,1757,3.1
228,Ray Emery,2009-10,27,PHI,NHL,CA,G,29,16,11,1,74,783,709,.905,2.64,3,2,1684,4.2
229,Josh Harding,2013-14,29,MIN,NHL,CA,G,29,18,7,3,46,690,644,.933,1.65,3,0,1668,5.8
230,Manny Legace,2008-09,35,STL,NHL,CA,G,29,13,9,2,77,669,592,.885,3.18,0,0,1452,2.2
231,Tuukka Rask,2010-11,23,BOS,NHL,FI,G,29,11,14,2,71,866,795,.918,2.67,2,2,1594,5.7
232,Marty Turco,2010-11,35,CHI,NHL,CA,G,29,11,11,3,82,799,717,.897,3.02,1,6,1631,3.3
233,Frederik Andersen,2013-14,24,ANA,NHL,,G,28,20,5,0,60,783,723,.923,2.29,0,0,1569,5.6
234,Ray Emery,2013-14,31,PHI,NHL,CA,G,28,9,12,2,69,711,642,.903,2.96,2,31,1398,3.4
235,Jhonas Enroth,2013-14,25,BUF,NHL,SE,G,28,4,17,5,74,834,760,.911,2.82,0,0,1574,4.8
236,Erik Ersberg,2008-09,26,LAK,NHL,SE,G,28,8,11,5,65,651,586,.900,2.64,0,2,1477,3.3
237,Manny Fernandez,2008-09,34,BOS,NHL,CA,G,28,16,8,3,71,791,720,.910,2.59,1,2,1644,4.9
238,Jason LaBarbera,2008-09,29,TOT,NHL,CA,G,28,8,10,6,67,674,607,.901,2.78,2,2,1446,3.4
239,Manny Legace,2009-10,36,CAR,NHL,CA,G,28,10,7,5,69,745,676,.907,2.81,1,0,1472,4.1
240,Curtis McElhinney,2013-14,30,CBJ,NHL,CA,G,28,10,11,1,64,703,639,.909,2.70,2,0,1423,3.8
241,Curtis McElhinney,2010-11,27,TOT,NHL,CA,G,28,9,13,1,74,721,647,.897,3.18,2,0,1395,3.0
242,Al Montoya,2013-14,28,WPG,NHL,US,G,28,13,8,3,59,737,678,.920,2.30,2,2,1541,5.0
243,Kevin Poulin,2013-14,23,NYI,NHL,CA,G,28,11,16,1,89,820,731,.891,3.29,0,0,1625,2.8
244,Jonas Gustavsson,2013-14,29,DET,NHL,SE,G,27,16,5,4,68,735,667,.907,2.63,0,0,1551,3.9
245,Johan Hedberg,2011-12,38,NJD,NHL,SE,G,27,17,7,2,59,718,659,.918,2.23,4,2,1591,4.7
246,Chad Johnson,2013-14,27,BOS,NHL,CA,G,27,17,4,3,53,708,655,.925,2.10,2,0,1511,5.2
247,Semyon Varlamov,2010-11,22,WSH,NHL,SU,G,27,11,9,5,58,759,701,.924,2.23,2,2,1560,5.5
248,Ty Conklin,2009-10,33,STL,NHL,US,G,26,10,10,2,60,764,704,.921,2.48,4,4,1451,5.5
249,Rick DiPietro,2010-11,29,NYI,NHL,US,G,26,8,14,4,88,773,685,.886,3.44,1,25,1533,2.2
250,Jhonas Enroth,2011-12,23,BUF,NHL,SE,G,26,8,11,4,63,756,693,.917,2.70,1,2,1399,4.9
251,Martin Gerber,2008-09,34,TOT,NHL,CH,G,26,10,14,1,78,799,721,.902,3.03,1,16,1545,4.2
252,Jonas Hiller,2012-13,30,ANA,NHL,CH,G,26,15,6,4,59,675,616,.913,2.36,1,2,1498,4.2
253,Darcy Kuemper,2013-14,23,MIN,NHL,CA,G,26,12,8,4,60,702,642,.915,2.43,2,0,1480,4.3
254,Semyon Varlamov,2009-10,21,WSH,NHL,SU,G,26,15,4,6,65,718,653,.909,2.55,2,0,1527,4.2
255,Jonathan Bernier,2010-11,22,LAK,NHL,CA,G,25,11,8,3,57,652,595,.913,2.48,3,0,1378,3.9
256,Ty Conklin,2010-11,34,STL,NHL,US,G,25,8,8,4,69,582,513,.881,3.22,2,4,1285,1.3
257,Viktor Fasth,2012-13,30,ANA,NHL,SE,G,25,15,6,2,52,661,609,.921,2.18,4,0,1428,4.8
258,Thomas Greiss,2013-14,28,PHX,NHL,DE,G,25,10,8,5,50,626,576,.920,2.29,2,0,1312,4.3
259,Josh Harding,2009-10,25,MIN,NHL,CA,G,25,9,12,0,66,692,626,.905,3.05,1,4,1300,3.6
260,Marek Mazanec,2013-14,22,NSH,NHL,,G,25,8,10,4,64,650,586,.902,2.80,2,0,1370,3.0
261,Antti Raanta,2013-14,24,CHI,NHL,,G,25,13,5,4,63,610,547,.897,2.71,1,0,1397,2.4
262,Cory Schneider,2010-11,24,VAN,NHL,US,G,25,16,4,2,51,714,663,.929,2.23,1,0,1372,5.6
263,Craig Anderson,2012-13,31,OTT,NHL,US,G,24,12,9,2,40,677,637,.941,1.69,3,0,1421,6.5
264,Alex Auld,2009-10,29,TOT,NHL,CA,G,24,9,7,3,64,610,546,.895,2.95,0,2,1300,2.5
265,Peter Budaj,2013-14,31,MTL,NHL,CS,G,24,10,8,3,56,615,559,.909,2.51,1,6,1338,3.4
266,Brian Elliott,2012-13,27,STL,NHL,CA,G,24,14,8,1,49,526,477,.907,2.28,3,0,1292,2.9
267,Miikka Kiprusoff,2012-13,36,CGY,NHL,FI,G,24,8,14,2,77,650,573,.882,3.44,0,0,1344,1.6
268,Patrick Lalime,2008-09,34,BUF,NHL,CA,G,24,5,13,3,67,669,602,.900,3.10,0,0,1297,3.3
269,Anders Lindback,2012-13,24,TBL,NHL,SE,G,24,10,10,1,63,642,579,.902,2.90,0,0,1304,3.2
270,Antero Niittymaki,2010-11,30,SJS,NHL,FI,G,24,12,7,3,64,615,551,.896,2.72,0,2,1414,2.4
271,Karri Ramo,2008-09,22,TBL,NHL,FI,G,24,4,10,7,80,756,676,.894,3.66,0,2,1312,3.3
272,Pekka Rinne,2013-14,31,NSH,NHL,FI,G,24,10,10,3,63,645,582,.902,2.77,2,0,1367,3.0
273,Alex Stalock,2013-14,26,SJS,NHL,US,G,24,12,5,2,39,571,532,.932,1.87,2,2,1252,4.7
274,Scott Clemmensen,2009-10,32,FLA,NHL,US,G,23,9,8,2,59,668,609,.912,2.91,1,0,1215,4.0
275,Jonas Gustavsson,2010-11,26,TOR,NHL,SE,G,23,6,13,2,68,620,552,.890,3.29,0,0,1242,2.1
276,Brent Johnson,2010-11,33,PIT,NHL,US,G,23,13,5,3,47,604,557,.922,2.17,1,24,1297,4.3
277,Brent Johnson,2009-10,32,PIT,NHL,US,G,23,10,6,1,51,541,490,.906,2.76,0,0,1108,2.9
278,Anders Lindback,2013-14,25,TBL,NHL,SE,G,23,8,12,2,63,580,517,.891,2.90,1,2,1302,1.9
279,Jacob Markstrom,2012-13,23,FLA,NHL,SE,G,23,8,14,1,68,685,617,.901,3.22,0,0,1266,3.3
280,Chris Osgood,2009-10,37,DET,NHL,CA,G,23,7,9,4,63,561,498,.888,3.02,1,0,1252,1.8
281,Tuukka Rask,2011-12,24,BOS,NHL,FI,G,23,11,8,3,44,621,577,.929,2.05,3,2,1289,4.9
282,Ben Bishop,2012-13,26,TOT,NHL,US,G,22,11,9,1,56,701,645,.920,2.67,2,2,1260,5.0
283,Brian Boucher,2008-09,32,SJS,NHL,US,G,22,12,6,3,47,563,516,.917,2.18,2,2,1291,3.9
284,Jean-Sebastien Giguere,2013-14,36,COL,NHL,CA,G,22,11,6,1,53,608,555,.913,2.62,2,4,1212,3.6
285,Anders Lindback,2010-11,22,NSH,NHL,SE,G,22,11,5,2,49,576,527,.915,2.60,2,0,1131,3.6
286,Mike Smith,2010-11,28,TBL,NHL,CA,G,22,13,6,1,58,576,518,.899,2.90,1,2,1202,2.5
287,Niklas Backstrom,2013-14,35,MIN,NHL,FI,G,21,5,11,2,55,546,491,.899,3.02,0,0,1094,2.3
288,Martin Biron,2011-12,34,NYR,NHL,CA,G,21,12,6,2,50,519,469,.904,2.46,2,0,1220,2.5
289,Ray Emery,2012-13,30,CHI,NHL,CA,G,21,17,1,0,36,460,424,.922,1.94,3,0,1116,3.4
290,Brent Johnson,2008-09,31,WSH,NHL,US,G,21,12,6,2,53,579,526,.908,2.81,0,4,1131,3.5
291,Curtis Joseph,2008-09,41,TOR,NHL,CA,G,21,5,9,1,50,383,333,.869,3.57,0,0,841,0.6
292,Joey MacDonald,2012-13,32,CGY,NHL,CA,G,21,8,9,1,55,562,507,.902,2.87,0,0,1148,2.8
293,Justin Peters,2013-14,27,CAR,NHL,CA,G,21,7,9,4,51,626,575,.919,2.50,1,4,1225,4.1
294,Andrew Raycroft,2009-10,29,VAN,NHL,CA,G,21,9,5,1,39,438,399,.911,2.42,1,4,967,2.6
295,Cam Talbot,2013-14,26,NYR,NHL,,G,21,12,6,1,33,560,527,.941,1.64,3,0,1211,5.2
296,Mikael Tellqvist,2008-09,29,TOT,NHL,SE,G,21,9,6,1,47,533,486,.912,2.74,0,0,1028,3.4
297,Dan Ellis,2013-14,33,TOT,NHL,CA,G,20,5,11,0,62,514,452,.879,3.62,1,0,1027,1.0
298,Roberto Luongo,2012-13,33,VAN,NHL,CA,G,20,9,6,3,51,551,500,.907,2.56,2,0,1197,3.1
299,Chris Mason,2011-12,35,WPG,NHL,CA,G,20,8,7,1,43,422,379,.898,2.59,2,0,995,1.8
300,Steve Mason,2012-13,24,TOT,NHL,CA,G,20,7,8,1,47,561,514,.916,2.59,0,0,1090,3.7
301,Curtis McElhinney,2009-10,26,TOT,NHL,CA,G,20,8,5,2,51,523,472,.902,2.99,0,0,1023,2.6
302,Al Montoya,2010-11,25,NYI,NHL,US,G,20,9,5,5,46,585,539,.921,2.39,1,2,1154,4.1
303,Ben Scrivens,2012-13,26,TOR,NHL,CA,G,20,7,9,0,46,542,496,.915,2.69,2,6,1025,3.5
304,Tomas Vokoun,2012-13,36,PIT,NHL,CS,G,20,13,4,0,42,519,477,.919,2.45,3,2,1029,3.6
305,Jeff Zatkoff,2013-14,26,PIT,NHL,,G,20,12,6,2,51,582,531,.912,2.61,1,0,1171,3.4
306,Scott Clemmensen,2012-13,35,FLA,NHL,US,G,19,3,7,2,53,421,368,.874,3.67,0,0,866,0.7
307,Devan Dubnyk,2009-10,23,EDM,NHL,CA,G,19,4,10,2,64,579,515,.889,3.57,0,0,1075,2.0
308,Dan Ellis,2012-13,32,CAR,NHL,CA,G,19,6,8,2,52,555,503,.906,3.13,1,0,997,3.0
309,Mathieu Garon,2008-09,31,TOT,NHL,CA,G,19,8,9,0,53,502,449,.894,3.11,0,0,1021,2.2
310,Thomas Greiss,2011-12,26,SJS,NHL,DE,G,19,9,7,1,40,472,432,.915,2.30,0,2,1043,3.0
311,Josh Harding,2008-09,24,MIN,NHL,CA,G,19,3,9,1,32,453,421,.929,2.21,0,2,870,3.8
312,Johan Hedberg,2012-13,39,NJD,NHL,SE,G,19,6,10,3,51,435,384,.883,2.76,1,4,1108,1.2
313,Martin Jones,2013-14,24,LAK,NHL,,G,19,12,6,0,33,500,467,.934,1.81,4,0,1095,4.2
314,Jason LaBarbera,2011-12,32,PHX,NHL,CA,G,19,3,9,3,43,486,443,.912,2.54,0,2,1015,2.8
315,Michael Leighton,2008-09,27,CAR,NHL,CA,G,19,6,7,2,50,507,457,.901,2.92,0,4,1029,2.6
316,Anders Nilsson,2013-14,23,NYI,NHL,SE,G,19,8,7,2,57,548,491,.896,3.11,0,2,1101,2.1
317,Justin Peters,2012-13,26,CAR,NHL,CA,G,19,4,11,1,55,506,451,.891,3.46,1,0,954,1.9
318,Andrew Raycroft,2010-11,30,DAL,NHL,CA,G,19,8,5,0,40,446,406,.910,2.83,2,0,847,2.5
319,Dany Sabourin,2008-09,28,PIT,NHL,CA,G,19,6,8,2,47,463,416,.898,2.85,0,2,989,2.2
320,Curtis Sanford,2008-09,29,VAN,NHL,CA,G,19,7,8,0,42,448,406,.906,2.59,1,2,973,2.6
321,Richard Bachman,2011-12,24,DAL,NHL,US,G,18,8,5,1,43,477,434,.910,2.77,1,0,933,2.7
322,Mathieu Garon,2012-13,35,TBL,NHL,CA,G,18,5,9,2,44,427,383,.897,2.90,0,0,910,1.9
323,Jean-Sebastien Giguere,2012-13,35,COL,NHL,CA,G,18,5,4,4,43,469,426,.908,2.84,0,4,908,2.7
324,Nikolai Khabibulin,2009-10,37,EDM,NHL,SU,G,18,7,9,2,55,602,547,.909,3.03,0,4,1089,3.4
325,Martin Biron,2010-11,33,NYR,NHL,CA,G,17,8,6,0,33,426,393,.923,2.13,0,0,928,3.0
326,Peter Budaj,2011-12,29,MTL,NHL,CS,G,17,5,7,5,44,508,464,.913,2.55,0,2,1037,3.1
327,Scott Clemmensen,2013-14,36,FLA,NHL,US,G,17,6,7,1,47,454,407,.896,3.09,0,0,914,1.8
328,Philipp Grubauer,2013-14,22,WSH,NHL,DE,G,17,6,5,5,35,469,434,.925,2.38,0,0,883,3.5
329,Henrik Karlsson,2010-11,27,CGY,NHL,SE,G,17,4,5,6,36,391,355,.908,2.58,0,0,838,2.1
330,Jason LaBarbera,2009-10,30,PHX,NHL,CA,G,17,8,5,1,33,459,426,.928,2.13,0,0,928,3.7
331,Jason LaBarbera,2010-11,31,PHX,NHL,CA,G,17,7,6,3,48,529,481,.909,3.26,2,2,883,2.9
332,Michal Neuvirth,2009-10,21,WSH,NHL,CS,G,17,9,4,0,40,464,424,.914,2.75,0,0,872,2.9
333,Cam Ward,2012-13,28,CAR,NHL,CA,G,17,9,6,1,44,477,433,.908,2.84,0,0,929,2.7
334,Alex Auld,2010-11,30,MTL,NHL,CA,G,16,6,2,2,33,383,350,.914,2.64,0,2,749,2.3
335,Jonathan Bernier,2011-12,23,LAK,NHL,CA,G,16,5,6,2,35,383,348,.909,2.36,1,0,890,2.1
336,Thomas Greiss,2009-10,24,SJS,NHL,DE,G,16,7,4,1,35,399,364,.912,2.69,0,2,782,2.4
337,Jaroslav Halak,2012-13,27,STL,NHL,CS,G,16,6,5,1,29,286,257,.899,2.14,3,0,813,1.3
338,Brent Johnson,2011-12,34,PIT,NHL,US,G,16,6,7,2,42,359,317,.883,3.11,0,0,811,0.9
339,Patrick Lalime,2009-10,35,BUF,NHL,CA,G,16,4,8,2,40,432,392,.907,2.81,0,2,854,2.4
340,Anders Lindback,2011-12,23,NSH,NHL,SE,G,16,5,8,0,32,364,332,.912,2.42,0,0,792,2.1
341,Jacob Markstrom,2013-14,24,TOT,NHL,SE,G,16,2,8,3,46,361,315,.873,3.39,0,0,814,0.4
342,Kevin Weekes,2008-09,33,NJD,NHL,CA,G,16,7,5,0,32,399,367,.920,2.42,0,0,795,2.9
343,Jake Allen,2012-13,22,STL,NHL,CA,G,15,9,4,0,33,346,313,.905,2.46,1,0,804,1.8
344,Peter Budaj,2009-10,27,COL,NHL,CS,G,15,5,5,2,32,386,354,.917,2.64,1,0,728,2.6
345,Ty Conklin,2011-12,35,DET,NHL,US,G,15,5,6,1,44,378,334,.884,3.28,1,0,805,0.9
346,Jason LaBarbera,2012-13,33,PHX,NHL,CA,G,15,4,6,2,32,418,386,.923,2.64,0,0,726,3.1
347,Joey MacDonald,2010-11,30,DET,NHL,CA,G,15,5,5,3,31,372,341,.917,2.58,1,0,721,2.4
348,Mike McKenna,2008-09,25,TBL,NHL,US,G,15,4,8,1,46,406,360,.887,3.56,1,0,776,1.4
349,Michal Neuvirth,2013-14,25,TOT,NHL,CS,G,15,4,8,2,41,517,476,.921,2.78,0,0,884,3.6
350,Jose Theodore,2012-13,36,FLA,NHL,CA,G,15,4,6,3,42,391,349,.893,3.29,0,2,766,1.5
351,Steve Valiquette,2008-09,31,NYR,NHL,CA,G,15,5,5,2,39,421,382,.907,2.84,1,2,823,2.5
352,Alex Auld,2011-12,31,OTT,NHL,CA,G,14,2,4,2,36,310,274,.884,3.35,0,0,645,0.8
353,Jonathan Bernier,2012-13,24,LAK,NHL,CA,G,14,9,3,1,24,306,282,.922,1.88,1,0,768,2.2
354,Jhonas Enroth,2010-11,22,BUF,NHL,SE,G,14,9,2,2,35,377,342,.907,2.73,1,0,769,2.0
355,Braden Holtby,2010-11,21,WSH,NHL,CA,G,14,10,2,2,22,332,310,.934,1.79,2,0,736,2.8
356,Anton Khudobin,2012-13,26,BOS,NHL,SU,G,14,9,4,1,31,388,357,.920,2.32,1,4,803,2.8
357,Pascal Leclaire,2010-11,28,OTT,NHL,CA,G,14,4,7,1,36,391,355,.908,2.83,0,0,763,2.1
358,Joey MacDonald,2011-12,31,DET,NHL,CA,G,14,8,5,1,29,330,301,.912,2.16,0,0,806,1.9
359,Curtis McElhinney,2008-09,25,CGY,NHL,CA,G,14,1,6,1,31,280,249,.889,3.59,0,2,518,1.1
360,Richard Bachman,2012-13,25,DAL,NHL,US,G,13,6,5,0,33,288,255,.885,3.25,0,0,609,0.9
361,Peter Budaj,2012-13,30,MTL,NHL,CS,G,13,8,1,1,25,273,248,.908,2.29,1,0,656,1.6
362,Michal Neuvirth,2012-13,24,WSH,NHL,CS,G,13,4,5,2,33,367,334,.910,2.74,0,0,723,2.2
363,Yann Danis,2009-10,28,NJD,NHL,CA,G,12,3,2,1,16,207,191,.923,2.06,0,0,467,1.5
364,Jhonas Enroth,2012-13,24,BUF,NHL,SE,G,12,4,4,1,27,332,305,.919,2.60,1,0,623,2.3
365,Viktor Fasth,2013-14,31,TOT,NHL,SE,G,12,5,4,2,33,340,307,.903,2.82,0,0,701,1.6
366,Matt Hackett,2011-12,21,MIN,NHL,CA,G,12,3,6,0,22,282,260,.922,2.37,0,0,556,2.0
367,Nikolai Khabibulin,2012-13,40,EDM,NHL,SU,G,12,4,6,1,29,376,347,.923,2.54,1,0,684,2.8
368,Pascal Leclaire,2008-09,26,CBJ,NHL,CA,G,12,4,6,1,43,324,281,.867,3.83,0,0,674,0.4
369,Robin Lehner,2012-13,21,OTT,NHL,SE,G,12,5,3,4,27,424,397,.936,2.20,0,0,735,3.8
370,Kari Lehtonen,2009-10,26,DAL,NHL,FI,G,12,6,4,0,31,350,319,.911,2.81,0,0,663,2.1
371,Ondrej Pavelec,2008-09,21,ATL,NHL,CS,G,12,3,7,0,36,301,265,.880,3.61,0,0,599,0.9
372,Justin Peters,2010-11,24,CAR,NHL,CA,G,12,3,5,1,43,343,300,.875,3.98,0,4,648,0.5
373,Ben Scrivens,2011-12,25,TOR,NHL,CA,G,12,4,5,2,35,359,324,.903,3.12,0,4,672,1.7
374,Erik Ersberg,2009-10,27,LAK,NHL,SE,G,11,4,3,2,22,234,212,.906,2.40,0,0,551,1.3
375,Joey MacDonald,2013-14,33,CGY,NHL,CA,G,11,5,4,1,29,264,235,.890,2.90,0,2,599,0.8
376,Chris Mason,2012-13,36,NSH,NHL,CA,G,11,1,7,1,29,229,200,.873,3.73,0,0,467,0.4
377,Chris Osgood,2010-11,38,DET,NHL,CA,G,11,5,3,2,29,298,269,.903,2.77,0,4,629,1.4
378,Allen York,2011-12,22,CBJ,NHL,CA,G,11,3,2,0,16,199,183,.920,2.30,0,0,417,1.4
379,Ben Bishop,2011-12,25,OTT,NHL,US,G,10,3,3,2,22,243,221,.909,2.48,0,2,532,1.4
380,Brian Boucher,2011-12,35,CAR,NHL,US,G,10,1,6,1,31,260,229,.881,3.41,0,0,546,0.6
381,Jeff Deslauriers,2008-09,24,EDM,NHL,CA,G,10,4,3,0,30,302,272,.901,3.33,0,0,540,1.5
382,Dan Ellis,2011-12,31,ANA,NHL,CA,G,10,1,5,0,19,214,195,.911,2.72,0,0,419,1.2
383,Ray Emery,2010-11,28,ANA,NHL,CA,G,10,7,2,0,20,272,252,.926,2.28,0,0,527,2.1
384,Nathan Lawson,2010-11,27,NYI,NHL,CA,G,10,1,4,2,26,243,217,.893,4.06,0,0,384,0.9
385,Kevin Poulin,2010-11,20,NYI,NHL,CA,G,10,4,2,1,20,262,242,.924,2.44,0,0,491,1.9
386,Andrew Raycroft,2011-12,31,DAL,NHL,CA,G,10,2,8,0,31,303,272,.898,3.52,0,0,529,1.3
387,Tobias Stephan,2008-09,25,DAL,NHL,CH,G,10,1,3,1,27,208,181,.870,3.70,0,0,438,0.4
388,Henrik Karlsson,2011-12,28,CGY,NHL,SE,G,9,1,4,2,24,239,215,.900,3.17,0,0,454,1.1
389,Petr Mrazek,2013-14,21,DET,NHL,CS,G,9,2,4,0,13,178,165,.927,1.74,2,0,449,1.4
390,Joni Ortio,2013-14,22,CGY,NHL,,G,9,4,4,0,21,193,172,.891,2.51,0,0,501,0.6
391,Justin Peters,2009-10,23,CAR,NHL,CA,G,9,6,3,0,23,241,218,.905,2.83,0,0,488,1.3
392,Rick DiPietro,2009-10,28,NYI,NHL,US,G,8,2,5,0,20,201,181,.900,2.60,1,2,462,1.0
393,Rick DiPietro,2011-12,30,NYI,NHL,US,G,8,3,2,3,22,177,155,.876,3.73,0,0,354,0.3
394,Matt Hackett,2013-14,23,BUF,NHL,CA,G,8,1,6,1,22,239,217,.908,3.10,0,0,426,1.3
395,Olaf Kolzig,2008-09,38,TBL,NHL,ZA,G,8,2,4,1,25,245,220,.898,3.66,0,0,410,1.2
396,Robin Lehner,2010-11,19,OTT,NHL,SE,G,8,1,4,0,20,178,158,.888,3.52,0,2,341,0.5
397,Fredrik Norrena,2008-09,35,CBJ,NHL,FI,G,8,1,3,2,17,133,116,.872,3.16,0,0,323,0.3
398,Cory Schneider,2008-09,22,VAN,NHL,US,G,8,2,4,1,20,162,142,.877,3.38,0,0,355,0.4
399,Ben Bishop,2010-11,24,STL,NHL,US,G,7,3,4,0,17,168,151,.899,2.76,1,0,369,0.7
400,Jonas Gustavsson,2012-13,28,DET,NHL,SE,G,7,2,2,1,17,140,123,.879,2.92,0,2,349,0.3
401,Braden Holtby,2011-12,22,WSH,NHL,CA,G,7,4,2,1,15,192,177,.922,2.49,1,0,361,1.4
402,Leland Irving,2011-12,23,CGY,NHL,CA,G,7,1,3,3,21,239,218,.912,3.20,0,0,394,1.4
403,Jason LaBarbera,2013-14,34,EDM,NHL,CA,G,7,1,3,0,19,146,127,.870,3.28,0,0,348,0.1
404,Patrick Lalime,2010-11,36,BUF,NHL,CA,G,7,0,5,0,18,163,145,.890,2.96,0,0,365,0.5
405,Nathan Lieuwen,2013-14,22,BUF,NHL,,G,7,1,4,0,18,191,173,.906,2.98,0,0,363,1.0
406,Jacob Markstrom,2011-12,22,FLA,NHL,SE,G,7,2,4,1,17,222,205,.923,2.66,0,0,383,1.6
407,Al Montoya,2012-13,27,WPG,NHL,US,G,7,3,1,0,17,168,151,.899,2.91,1,0,351,0.8
408,Justin Peters,2011-12,25,CAR,NHL,CA,G,7,2,3,2,16,233,217,.931,2.48,1,0,387,1.9
409,Justin Pogge,2008-09,22,TOR,NHL,CA,G,7,1,4,1,27,173,146,.844,4.35,0,0,372,-0.2
410,Martin Biron,2012-13,35,NYR,NHL,CA,G,6,2,2,1,13,156,143,.917,2.32,0,0,336,1.0
411,Ben Bishop,2008-09,22,STL,NHL,US,G,6,1,1,1,12,112,100,.893,2.94,0,0,245,0.5
412,Thomas Greiss,2012-13,27,SJS,NHL,DE,G,6,1,4,0,13,153,140,.915,2.53,1,0,308,1.0
413,Leland Irving,2012-13,24,CGY,NHL,CA,G,6,2,1,1,15,128,113,.883,3.33,0,0,270,0.3
414,Darcy Kuemper,2012-13,22,MIN,NHL,CA,G,6,1,2,0,10,119,109,.916,2.08,0,0,288,0.8
415,Joey MacDonald,2009-10,29,TOR,NHL,CA,G,6,1,4,0,17,157,140,.892,3.20,0,0,319,0.6
416,Kevin Poulin,2011-12,21,NYI,NHL,CA,G,6,2,4,0,15,162,147,.907,3.04,0,0,296,0.9
417,Steve Valiquette,2009-10,32,NYR,NHL,CA,G,6,2,3,0,19,128,109,.852,3.74,1,0,305,-0.1
418,Semyon Varlamov,2008-09,20,WSH,NHL,SU,G,6,4,0,1,13,159,146,.918,2.37,0,2,329,1.1
419,Rick DiPietro,2008-09,27,NYI,NHL,US,G,5,1,3,0,15,139,124,.892,3.52,0,2,256,0.6
420,Josh Harding,2012-13,28,MIN,NHL,CA,G,5,1,1,0,10,73,63,.863,3.24,1,0,185,0.0
421,Chad Johnson,2009-10,23,NYR,NHL,CA,G,5,1,2,1,11,135,124,.919,2.35,0,0,281,0.9
422,Robin Lehner,2011-12,20,OTT,NHL,SE,G,5,3,2,0,10,154,144,.935,2.01,1,0,299,1.3
423,Al Montoya,2008-09,23,PHX,NHL,US,G,5,3,1,0,9,120,111,.925,2.08,1,0,259,0.9
424,Michal Neuvirth,2008-09,20,WSH,NHL,CS,G,5,2,1,0,11,102,91,.892,3.00,0,0,220,0.4
425,Cristopher Nilstorp,2012-13,28,DAL,NHL,SE,G,5,1,3,1,15,146,131,.897,3.09,0,0,291,0.6
426,Kevin Poulin,2012-13,22,NYI,NHL,CA,G,5,1,3,0,13,122,109,.893,3.02,0,0,258,0.5
427,Brad Thiessen,2011-12,25,PIT,NHL,CA,G,5,3,1,0,16,113,97,.858,3.72,0,2,258,-0.1
428,Dustin Tokarski,2011-12,22,TBL,NHL,CA,G,5,1,3,1,14,116,102,.879,3.44,0,2,244,0.2
429,Marty Turco,2011-12,36,BOS,NHL,CA,G,5,2,2,0,16,110,94,.855,3.68,0,2,261,-0.1
430,Brian Boucher,2012-13,36,PHI,NHL,US,G,4,0,2,0,6,55,49,.891,2.50,0,0,144,0.2
431,Mike Brodeur,2010-11,27,OTT,NHL,CA,G,4,0,1,0,7,42,35,.833,4.33,0,0,97,-0.1
432,Jeff Deslauriers,2011-12,27,ANA,NHL,CA,G,4,3,1,0,11,113,102,.903,2.74,0,0,241,0.5
433,Chad Johnson,2012-13,26,PHX,NHL,CA,G,4,2,0,2,5,108,103,.954,1.21,1,0,247,1.2
434,Nikolai Khabibulin,2013-14,41,CHI,NHL,SU,G,4,1,0,1,14,74,60,.811,5.00,0,0,168,-0.5
435,Anton Khudobin,2010-11,24,MIN,NHL,SU,G,4,2,1,0,5,86,81,.942,1.59,1,0,189,0.8
436,Mikko Koskinen,2010-11,22,NYI,NHL,FI,G,4,2,1,0,15,118,103,.873,4.33,0,0,208,0.1
437,Mike McKenna,2013-14,30,CBJ,NHL,US,G,4,1,1,1,11,114,103,.904,3.01,0,0,219,0.5
438,Anders Nilsson,2011-12,21,NYI,NHL,SE,G,4,1,2,0,10,112,102,.911,2.75,1,0,218,0.6
439,Richard Bachman,2013-14,26,EDM,NHL,US,G,3,0,2,1,7,83,76,.916,3.02,0,0,139,0.5
440,Jonathan Bernier,2009-10,21,LAK,NHL,CA,G,3,3,0,0,4,94,90,.957,1.30,1,0,185,1.1
441,Mike Brodeur,2009-10,26,OTT,NHL,CA,G,3,3,0,0,3,87,84,.966,1.00,1,0,180,1.1
442,Sebastien Caron,2011-12,31,TBL,NHL,CA,G,3,1,1,0,7,57,50,.877,3.11,0,0,135,0.1
443,Matt Climie,2008-09,25,DAL,NHL,CA,G,3,2,1,0,9,85,76,.894,2.92,0,0,185,0.4
444,John Curry,2008-09,24,PIT,NHL,US,G,3,2,1,0,6,69,63,.913,2.40,0,0,150,0.4
445,Yann Danis,2012-13,31,EDM,NHL,CA,G,3,1,0,0,7,59,52,.881,3.82,0,0,110,0.1
446,Cedrick Desjardins,2012-13,27,TBL,NHL,CA,G,3,0,3,0,8,73,65,.890,3.00,0,0,160,0.3
447,Rick DiPietro,2012-13,31,NYI,NHL,US,G,3,0,3,0,12,83,71,.855,4.09,0,0,176,-0.1
448,Wade Dubielewicz,2009-10,31,MIN,NHL,CA,G,3,1,1,0,5,34,29,.853,2.97,0,0,101,0.0
449,Wade Dubielewicz,2008-09,30,CBJ,NHL,CA,G,3,1,2,0,10,77,67,.870,3.55,0,0,169,0.1
450,Martin Gerber,2010-11,36,EDM,NHL,CH,G,3,3,0,0,4,95,91,.958,1.30,0,0,185,1.1
451,John Gibson,2013-14,20,ANA,NHL,,G,3,3,0,0,4,87,83,.954,1.33,1,0,181,0.9
452,Michael Hutchinson,2013-14,23,WPG,NHL,,G,3,2,1,0,5,88,83,.943,1.64,0,0,183,0.8
453,Dan LaCosta,2008-09,22,CBJ,NHL,CA,G,3,2,0,0,4,80,76,.950,1.54,1,0,156,0.8
454,Peter Mannino,2008-09,24,NYI,NHL,US,G,3,1,1,0,10,87,77,.885,4.51,0,0,133,0.3
455,Antti Niemi,2008-09,25,CHI,NHL,FI,G,3,1,1,1,8,59,51,.864,3.40,0,0,141,0.1
456,Dustin Tokarski,2013-14,24,MTL,NHL,CA,G,3,2,0,0,5,93,88,.946,1.84,1,0,163,0.9
457,Martin Biron,2013-14,36,NYR,NHL,CA,G,2,0,1,0,9,38,29,.763,7.61,0,0,71,-0.5
458,John Curry,2013-14,29,MIN,NHL,US,G,2,1,0,0,4,57,53,.930,3.00,0,0,80,0.5
459,Cedrick Desjardins,2010-11,25,TBL,NHL,CA,G,2,2,0,0,2,63,61,.968,1.00,0,0,120,0.8
460,Philipp Grubauer,2012-13,21,WSH,NHL,DE,G,2,0,1,0,5,59,54,.915,3.57,0,0,84,0.4
461,Anton Khudobin,2009-10,23,MIN,NHL,SU,G,2,2,0,0,1,48,47,.979,0.87,0,0,69,0.7
462,Connor Knapp,2013-14,23,BUF,NHL,,G,2,0,0,1,4,32,28,.875,3.12,0,0,77,0.0
463,Drew MacIntyre,2013-14,30,TOR,NHL,CA,G,2,0,1,0,4,51,47,.922,2.53,0,0,95,0.4
464,Drew MacIntyre,2011-12,28,BUF,NHL,CA,G,2,0,0,0,1,18,17,.944,1.40,0,0,43,0.2
465,Peter Mannino,2010-11,26,ATL,NHL,US,G,2,0,0,0,5,36,31,.861,4.11,0,0,73,0.0
466,Curtis McElhinney,2011-12,28,PHX,NHL,CA,G,2,1,0,0,2,36,34,.944,1.67,0,0,72,0.4
467,Mike McKenna,2010-11,27,NJD,NHL,US,G,2,0,1,0,6,56,50,.893,3.05,0,0,118,0.2
468,Petr Mrazek,2012-13,20,DET,NHL,CS,G,2,1,1,0,4,51,47,.922,2.02,0,0,119,0.4
469,Mike Murphy,2011-12,23,CAR,NHL,CA,G,2,0,1,0,0,9,9,1.000,0.00,0,0,36,0.1
470,Jussi Rynnas,2011-12,24,TOR,NHL,FI,G,2,0,1,0,7,40,33,.825,4.24,0,0,99,-0.2
471,Alexander Salak,2009-10,23,FLA,NHL,CS,G,2,0,1,0,6,40,34,.850,5.37,0,0,67,0.0
472,Cory Schneider,2009-10,23,VAN,NHL,US,G,2,0,1,0,5,59,54,.915,3.80,0,0,79,0.4
473,Marek Schwarz,2008-09,22,STL,NHL,CS,G,2,0,0,0,0,5,5,1.000,0.00,0,0,15,0.1
474,Alex Stalock,2012-13,25,SJS,NHL,US,G,2,0,0,1,2,13,11,.846,2.86,0,0,42,0.0
475,Daniel Taylor,2012-13,26,CGY,NHL,GB,G,2,1,1,0,6,68,62,.912,3.00,0,0,120,0.4
476,Dustin Tokarski,2009-10,20,TBL,NHL,CA,G,2,0,0,0,3,16,13,.813,4.09,0,0,44,-0.1
477,Josh Tordjman,2008-09,24,PHX,NHL,CA,G,2,0,2,0,8,62,54,.871,4.07,0,0,118,0.1
478,Sami Aittokallio,2013-14,21,COL,NHL,FI,G,1,0,1,0,3,18,15,.833,4.50,0,0,40,-0.1
479,Sami Aittokallio,2012-13,20,COL,NHL,FI,G,1,0,0,0,2,25,23,.920,2.45,0,0,49,0.2
480,Richard Bachman,2010-11,23,DAL,NHL,US,G,1,0,0,0,0,4,4,1.000,0.00,0,0,10,0.1
481,Johan Backlund,2009-10,28,PHI,NHL,SE,G,1,0,1,0,2,24,22,.917,3.00,0,0,40,0.2
482,Jack Campbell,2013-14,22,DAL,NHL,,G,1,0,1,0,6,47,41,.872,6.00,0,0,60,0.0
483,Matt Climie,2009-10,26,DAL,NHL,CA,G,1,0,1,0,5,38,33,.868,5.00,0,0,60,0.0
484,Matt Climie,2010-11,27,PHX,NHL,CA,G,1,0,0,0,1,16,15,.938,1.88,0,0,32,0.1
485,Corey Crawford,2009-10,25,CHI,NHL,CA,G,1,0,1,0,3,35,32,.914,3.05,0,0,59,0.2
486,John Curry,2009-10,25,PIT,NHL,US,G,1,0,1,0,5,14,9,.643,12.50,0,0,24,-0.4
487,Yann Danis,2011-12,30,EDM,NHL,CA,G,1,0,0,0,2,12,10,.833,3.75,0,0,32,0.0
488,Mark Dekanich,2010-11,24,NSH,NHL,CA,G,1,0,0,0,3,25,22,.880,3.60,0,0,50,0.1
489,Marc Denis,2008-09,31,MTL,NHL,CA,G,1,0,0,0,1,7,6,.857,3.00,0,0,20,0.0
490,Cedrick Desjardins,2013-14,28,TBL,NHL,CA,G,1,0,1,0,2,13,11,.846,6.67,0,2,18,0.0
491,Jeremy Duchesne,2009-10,23,PHI,NHL,US,G,1,0,0,0,1,4,3,.750,3.53,0,0,17,-0.1
492,Jhonas Enroth,2009-10,21,BUF,NHL,SE,G,1,0,1,0,4,37,33,.892,4.14,0,0,58,0.1
493,Joacim Eriksson,2013-14,23,VAN,NHL,,G,1,,,,6,31,25,.806,10.00,0,0,36,-0.2
494,Brian Foster,2011-12,24,FLA,NHL,US,G,1,0,0,0,0,1,1,1.000,0.00,0,0,5,0.0
495,Jeff Frazee,2012-13,25,NJD,NHL,US,G,1,0,0,0,0,3,3,1.000,0.00,0,0,19,0.1
496,Kristers Gudlevskis,2013-14,21,TBL,NHL,,G,1,1,0,0,2,38,36,.947,2.00,0,0,60,0.4
497,Matt Hackett,2012-13,22,MIN,NHL,CA,G,1,0,1,0,5,33,28,.848,5.08,0,0,59,0.0
498,Andrew Hammond,2013-14,25,OTT,NHL,,G,1,,,,0,11,11,1.000,0.00,0,0,35,0.2
499,Cal Heeter,2013-14,25,PHI,NHL,,G,1,0,0,1,5,38,33,.868,4.69,0,0,64,0.0
500,Riku Helenius,2008-09,20,TBL,NHL,FI,G,1,0,0,0,0,2,2,1.000,0.00,0,0,7,0.0
501,Magnus Hellberg,2013-14,22,NSH,NHL,,G,1,,,,1,4,3,.750,5.00,0,0,12,-0.1
502,Chris Holt,2008-09,23,STL,NHL,CA,G,1,0,0,0,0,3,3,1.000,0.00,0,0,19,0.0
503,Jimmy Howard,2008-09,24,DET,NHL,US,G,1,0,1,0,4,28,24,.857,4.07,0,0,59,0.0
504,Shawn Hunwick,2011-12,24,CBJ,NHL,US,G,1,0,0,0,0,0,0,,0.00,0,0,3,0.0
505,Carter Hutton,2012-13,27,CHI,NHL,CA,G,1,0,1,0,3,28,25,.893,3.05,0,0,59,0.1
506,Chad Johnson,2010-11,24,NYR,NHL,CA,G,1,0,0,0,2,11,9,.818,6.00,0,0,20,-0.1
507,Anton Khudobin,2011-12,25,BOS,NHL,SU,G,1,1,0,0,1,45,44,.978,1.00,0,0,60,0.6
508,Keith Kinkaid,2012-13,23,NJD,NHL,US,G,1,0,0,0,1,13,12,.923,2.31,0,0,26,0.1
509,Brent Krahn,2008-09,26,DAL,NHL,CA,G,1,0,0,0,3,9,6,.667,9.00,0,0,20,-0.2
510,Nathan Lawson,2013-14,30,OTT,NHL,CA,G,1,,,,2,10,8,.800,10.00,0,0,12,-0.1
511,Michael Leighton,2010-11,29,PHI,NHL,CA,G,1,1,0,0,4,36,32,.889,4.00,0,0,60,0.1
512,Michael Leighton,2012-13,31,PHI,NHL,CA,G,1,0,1,0,5,26,21,.808,5.08,0,0,59,-0.2
513,David LeNeveu,2010-11,27,CBJ,NHL,CA,G,1,0,0,0,2,12,10,.833,6.00,0,0,20,0.0
514,Peter Mannino,2011-12,27,WPG,NHL,US,G,1,0,0,0,0,4,4,1.000,0.00,0,0,20,0.1
515,Jacob Markstrom,2010-11,21,FLA,NHL,SE,G,1,0,1,0,2,14,12,.857,3.00,0,0,40,0.0
516,Thomas McCollum,2010-11,21,DET,NHL,US,G,1,0,0,0,3,8,5,.625,12.00,0,0,15,-0.2
517,Cristopher Nilstorp,2013-14,29,DAL,NHL,SE,G,1,,,,3,17,14,.824,4.62,0,0,39,-0.1
518,Alexander Pechurski,2009-10,19,PIT,NHL,SU,G,1,0,0,0,1,13,12,.923,1.67,0,0,36,0.1
519,Timo Pielmeier,2010-11,21,ANA,NHL,DE,G,1,0,0,0,5,12,7,.583,7.50,0,0,40,-0.4
520,Tuukka Rask,2008-09,21,BOS,NHL,FI,G,1,1,0,0,0,35,35,1.000,0.00,1,0,60,0.6
521,Jussi Rynnas,2012-13,25,TOR,NHL,FI,G,1,0,0,0,0,6,6,1.000,0.00,0,0,10,0.1
522,Kent Simpson,2013-14,21,CHI,NHL,,G,1,,,,2,7,5,.714,6.00,0,0,20,-0.1
523,Alex Stalock,2010-11,23,SJS,NHL,US,G,1,1,0,0,0,9,9,1.000,0.00,0,0,30,0.1
524,Niklas Svedberg,2013-14,24,BOS,NHL,,G,1,1,0,0,2,35,33,.943,1.97,0,0,61,0.3
525,Iiro Tarkki,2011-12,26,ANA,NHL,FI,G,1,1,0,0,3,10,7,.700,4.39,0,0,41,-0.2
526,Mark Visentin,2013-14,21,PHX,NHL,,G,1,0,1,0,3,32,29,.906,3.05,0,0,59,0.2
527,Matt Zaba,2009-10,26,NYR,NHL,CA,G,1,0,0,0,2,16,14,.875,3.53,0,0,34,0.0